DATES,LIP,UNEMP,LCPI,FFR,LPCOM,LRCDUR,LRCND,LRCSV,RRSHOCK,CUMRRSHOCK
1969-01-01,3.6768271155897616,3.4,3.5751506887855933,6.3,4.633563260489309,2.718264523509182,3.6990277851657516,3.3129124667945837,0.0,0.0
1969-02-01,3.6832058898430846,3.4,3.5779478934066544,6.61,4.655387902148709,2.7214269981438486,3.7079219886912522,3.318467734063159,0.0,0.0
1969-03-01,3.6910171675754833,3.4,3.586292865338835,6.79,4.665606554791922,2.698471134655216,3.706793043398815,3.31752587563454,-0.2316979,-0.2316979
1969-04-01,3.6873282516212,3.4,3.591817741270805,7.41,4.680092112505351,2.7107133185216936,3.7052448082002005,3.323019600598131,0.4568731,0.22517519999999996
1969-05-01,3.6835427391489417,3.4,3.594568774642695,8.67,4.69866052907543,2.7109127667156865,3.714303506454095,3.3299161796571917,0.2106271,0.4358023
1969-06-01,3.6932648243064627,3.5,3.6000482404073204,8.9,4.71240893665769,2.708583392263869,3.700758616644014,3.332561589272017,0.0010019,0.4368042
1969-07-01,3.6985302351560443,3.5,3.6054978451748854,8.61,4.71240893665769,2.686349774122871,3.7071367703847673,3.3319544789199944,0.1707941,0.6075983
1969-08-01,3.7008253173198153,3.5,3.6082115510464816,9.19,4.729421148325948,2.7070497007686263,3.717636964533132,3.336694415448056,0.2883907,0.895989
1969-09-01,3.700600493564633,3.7,3.6136169696133895,9.15,4.735145262409837,2.7277874667852418,3.7067439298975033,3.3407040012331928,0.006364,0.9023530000000001
1969-10-01,3.700894483692141,3.7,3.6189933266497696,9.0,4.732859547128981,2.71097924060809,3.7204265696120657,3.3464243558148636,0.0959223,0.9982753000000001
1969-11-01,3.6914237147361884,3.5,3.624340932976365,8.85,4.738213959745856,2.7006898466959175,3.715375317917901,3.3507458381660573,0.0009498,0.9992251000000001
1969-12-01,3.68873444360042,3.5,3.629660094453965,8.97,4.741273268980431,2.6983365089145708,3.7157647828953184,3.3493425261198784,0.0618979,1.061123
1970-01-01,3.6700431597676415,3.9,3.634951112088381,8.98,4.754279608575932,2.685940915514109,3.728532765990588,3.3556419800026527,-0.1314878,0.9296352000000001
1970-02-01,3.6693856791179744,4.2,3.6402142821326553,8.98,4.758749273916392,2.703104658709196,3.722120787893738,3.3639453959592664,-0.3475334,0.5821018000000001
1970-03-01,3.668084734857231,4.4,3.6454498961866,7.76,4.761660982747524,2.674355524578113,3.7265123689207873,3.3588464411216252,-0.0914939,0.4906079000000001
1970-04-01,3.6655110269029914,4.6,3.6506582412937387,8.1,4.7561730595246186,2.6895467295376503,3.7185110692385392,3.3618326581398787,-0.0954716,0.3951363000000001
1970-05-01,3.6643459538645247,4.8,3.653252276470785,7.94,4.744758200195145,2.7008913039037306,3.7274509180890365,3.365984625906411,0.2176629,0.6127992000000001
1970-06-01,3.6611047843610804,4.9,3.6584202466292277,7.6,4.734266759322502,2.7076501210808703,3.7293013686128518,3.369534701153314,-0.1733587,0.4394405000000001
1970-07-01,3.663556517911369,5.0,3.6609942506244004,7.21,4.726768157735579,2.698942182071483,3.728292456470771,3.3722147467376726,-0.2318805,0.20756000000000013
1970-08-01,3.6617728677318966,5.1,3.6635616461296463,6.61,4.726502471155617,2.7067159780890733,3.7310045991645833,3.3764606014297414,-0.4497683,-0.24220829999999988
1970-09-01,3.6548546189770925,5.4,3.6686767467964168,6.29,4.719212902028752,2.703372611551099,3.7374791239499987,3.382592037336586,-0.2516544,-0.4938626999999999
1970-10-01,3.6346502752847987,5.5,3.673765816303888,6.2,4.7086288943563215,2.667922410011431,3.7370027292956647,3.3806204546733243,-0.0083306,-0.5021932999999998
1970-11-01,3.6285746249083934,5.9,3.6788291182604347,5.6,4.693181063310805,2.6084508358794554,3.740118997056904,3.3810286873716286,-0.3597735,-0.8619667999999998
1970-12-01,3.6512788279108026,6.1,3.6838669122903918,4.9,4.675255793554779,2.6256101777178227,3.754433084853375,3.3848308442418578,-0.2586008,-1.1205675999999998
1971-01-01,3.658943305686274,5.9,3.686376323895818,4.14,4.6740430502744665,2.7324175575505043,3.751455112596417,3.3848647270412577,-0.6886783,-1.8092458999999996
1971-02-01,3.6570352673695132,5.9,3.686376323895818,3.72,4.699297848712789,2.7265447837383743,3.751596003969402,3.3902038401872896,-0.0697358,-1.8789816999999995
1971-03-01,3.655950704974465,6.0,3.6888794541139363,3.71,4.694462293466853,2.7495119909098045,3.740783811764297,3.392022083726703,-0.106141,-1.9851226999999996
1971-04-01,3.66155193570613,5.9,3.6913763343125234,4.15,4.698022803002708,2.754042804952683,3.7511262888429844,3.395447549681548,0.4169878,-1.5681348999999996
1971-05-01,3.666613395059764,5.9,3.696351468952637,4.63,4.689327493994814,2.7454102098592874,3.7462517339718064,3.3997964007465273,0.065413,-1.5027218999999996
1971-06-01,3.6707969465631707,5.9,3.7013019741124933,4.91,4.683426683953859,2.7764562337662704,3.7532851539311465,3.401897136776429,0.4396511,-1.0630707999999995
1971-07-01,3.6678907236754514,6.0,3.703768066607687,5.31,4.6851821239574765,2.754870171746101,3.7464877667342495,3.4041928906419536,-0.1096186,-1.1726893999999994
1971-08-01,3.662070791768608,6.1,3.7062280924485496,5.56,4.6845357413688316,2.7737130899014906,3.746912485364546,3.4096614600742847,0.0,-1.1726893999999994
1971-09-01,3.6781925520587913,6.0,3.708682081410116,5.55,4.67702562308852,2.8250625695004836,3.751149779840061,3.4114776910697118,0.0,-1.1726893999999994
1971-10-01,3.685649242593651,5.8,3.711130063048756,5.2,4.669833699313814,2.8277277373548295,3.747407762553005,3.41795616547711,-0.2995516,-1.4722409999999995
1971-11-01,3.68988394943954,6.0,3.713572066704308,4.91,4.6619285198067,2.8275502803137558,3.7577289819943505,3.4210980433684917,-0.3463425,-1.8185834999999995
1971-12-01,3.701361231615992,6.0,3.716008121502189,4.14,4.669552444917359,2.8251218726880474,3.759733925082161,3.432986704151563,-0.8910992,-2.7096826999999992
1972-01-01,3.725107713571213,5.8,3.7184382563554808,3.5,4.703475874772215,2.848623408515779,3.74662935965484,3.434890022628625,-0.2699292,-2.979611899999999
1972-02-01,3.73453375421616,5.7,3.7232808808312687,3.29,4.721529987104287,2.836736542063533,3.7543628412250287,3.438043482782818,-0.0824862,-3.062098099999999
1972-03-01,3.7418015462898806,5.8,3.7232808808312687,3.83,4.73952623848717,2.8628292548897636,3.7735881820408905,3.449257120405715,0.2305502,-2.831547899999999
1972-04-01,3.752206303974261,5.7,3.7256934272366524,4.17,4.750135956238277,2.864712011115587,3.7776455406998273,3.451763745232843,-0.1424142,-2.973962099999999
1972-05-01,3.7517462662242758,5.7,3.728100167267218,4.27,4.782814153230935,2.8779617378194833,3.7886342872509284,3.4504953533834417,-0.137422,-3.111384099999999
1972-06-01,3.7544962999004503,5.7,3.730501128804756,4.46,4.780383203544751,2.8800407990577996,3.788521148440802,3.456316680883235,-0.0932506,-3.2046346999999993
1972-07-01,3.7541567647793053,5.6,3.7328963395307104,4.55,4.786074071694426,2.8937549174415267,3.7947023628516034,3.462511961481248,0.0,-3.2046346999999993
1972-08-01,3.7672446016237715,5.6,3.735285826928092,4.8,4.795459912431223,2.9054245605224573,3.798249421168279,3.4672347789234625,0.0,-3.2046346999999993
1972-09-01,3.7746924049443855,5.5,3.7400477406883357,4.87,4.809742351716865,2.89977188240808,3.802899864409751,3.4692297920539823,0.0,-3.2046346999999993
1972-10-01,3.788355942787677,5.6,3.742420221041966,5.04,4.824145060430081,2.9412232880535982,3.8193812621780943,3.4780966924979464,0.0,-3.2046346999999993
1972-11-01,3.7997318616886915,5.3,3.7471483622379123,5.06,4.837709458942664,2.951623633927928,3.816678825045808,3.484404308678541,0.0124695,-3.1921651999999994
1972-12-01,3.811081599992601,5.2,3.7495040759303713,5.33,4.87351652213313,2.960830221544726,3.8159525366774125,3.4896660296497637,-0.0227062,-3.2148713999999994
1973-01-01,3.8176705668432467,4.9,3.754198920234579,5.94,4.90096922654182,2.996132193575318,3.8232792195935916,3.4931686602009657,0.2663275,-2.9485438999999993
1973-02-01,3.8324320290419998,5.0,3.7612001156935624,6.58,4.962844630259907,3.0128351814536534,3.8277932107943307,3.497022580336643,0.2003921,-2.748151799999999
1973-03-01,3.8329516591636588,4.9,3.770459441106359,7.09,5.009768251656904,3.029698823117264,3.8189423384121044,3.500197714167299,0.0389239,-2.7092278999999992
1973-04-01,3.831318245312915,5.0,3.7773481021015445,7.12,5.0295878870129425,3.012097627640255,3.8147408826215923,3.5008617047751005,-0.092673,-2.8019008999999993
1973-05-01,3.8377023952839537,4.9,3.7819143200811256,7.84,5.0825217528963655,3.015779968857769,3.813020015586138,3.5050167103011525,0.287436,-2.5144648999999992
1973-06-01,3.838361395178587,4.9,3.7887247890836524,8.49,5.143124477142335,2.974917133840071,3.816810820822135,3.5100517865742376,0.358856,-2.1556088999999994
1973-07-01,3.842754381639309,4.8,3.7887247890836524,10.4,5.204446150937966,2.987952086235029,3.835552244085236,3.50927420481421,0.0822849,-2.0733239999999995
1973-08-01,3.840915757364483,4.8,3.8066624897703196,10.5,5.336576078665127,2.9751723595886297,3.8033458848002764,3.509991994054264,0.2459116,-1.8274123999999996
1973-09-01,3.84979009100221,4.8,3.8110970868381857,10.78,5.274024673978992,3.0129826269605187,3.8194251439605797,3.516636932761646,-0.6031274,-2.4305397999999996
1973-10-01,3.8566138842127295,4.6,3.8199077165203406,10.01,5.257807823209827,2.9794504409797082,3.814498375538095,3.516429017115245,-0.8729396,-3.3034793999999996
1973-11-01,3.8617733767583298,4.8,3.8264651170664994,10.03,5.257755754791914,2.9747639671177946,3.819841924882434,3.5178241935938748,-0.1196041,-3.4230834999999997
1973-12-01,3.859410947116736,4.9,3.835141961092188,9.95,5.319736333921337,2.9511532301560237,3.8124015453965656,3.5129772491221654,-0.1987383,-3.6218217999999998
1974-01-01,3.852355800142201,5.1,3.845883202923601,9.65,5.362887137197337,2.950368731802461,3.809901682361386,3.51390087157524,-0.2057967,-3.8276185
1974-02-01,3.8492471964668944,5.2,3.856510295497887,8.97,5.446952865687185,2.9309270501878752,3.802498275898709,3.5130666692328076,0.2024596,-3.6251588999999997
1974-03-01,3.849506971018115,5.1,3.86702563949741,9.35,5.4510384535657,2.9530335190208756,3.793757353331181,3.5158941782969686,0.7552907,-2.8698682
1974-04-01,3.846553918114811,5.1,3.8732821771117156,10.51,5.441638185992259,2.950264085506844,3.796185575852178,3.5214071001701877,0.3919308,-2.4779374
1974-05-01,3.8538619714855415,5.1,3.883623530906448,11.31,5.401234900554723,2.9622788972947713,3.795354348620942,3.524181682073531,0.3437911,-2.1341463000000003
1974-06-01,3.853177050844882,5.4,3.8918202981106265,11.93,5.413430173648541,2.937891273864141,3.794679873000148,3.5266251954700936,0.233938,-1.9002083000000003
1974-07-01,3.8531515958366076,5.5,3.8979240810486444,12.92,5.468397636919637,2.944544236784558,3.8012255139454747,3.526654599019104,-0.1344257,-2.0346340000000005
1974-08-01,3.843429339962152,5.5,3.910021002757473,12.01,5.484091290392243,2.990015966557882,3.8002419219673973,3.528886742803045,-0.0443393,-2.0789733000000004
1974-09-01,3.8439390065056536,5.9,3.92395157629342,11.34,5.440337626568466,2.932419667342225,3.7912329532257525,3.5314358585858847,-0.4368792,-2.5158525000000003
1974-10-01,3.840099415005333,6.0,3.9318256327243257,10.06,5.444666262883174,2.8918706340199005,3.7899005681726643,3.537765824444175,-0.3089716,-2.8248241000000003
1974-11-01,3.8066113773529913,6.6,3.9415818076696905,9.45,5.428468051013081,2.8418815487357305,3.781367473549088,3.5358156833869163,0.2858265,-2.5389976
1974-12-01,3.7708464629779255,7.2,3.949318790171843,8.53,5.3618553873520245,2.8330368578952143,3.767297766248043,3.5434489759037304,-0.2513332,-2.7903308
1975-01-01,3.756872158934249,8.1,3.9569963710708773,7.13,5.3234001469155,2.867614770773548,3.7771650189812966,3.543738068444265,-0.3687084,-3.1590392
1975-02-01,3.7335420640201256,8.1,3.9627161197436642,6.24,5.307921102690732,2.9002670817359246,3.780227248573212,3.5499334287879147,0.2339981,-2.9250411
1975-03-01,3.7228725849294535,8.6,3.966511190712216,5.54,5.291292751611072,2.862886360220562,3.7870038521071354,3.5511679082384506,-0.4145509,-3.339592
1975-04-01,3.724041461081983,8.8,3.970291913552122,5.49,5.304398836863904,2.8623151601136394,3.78200543210342,3.556861201829224,-0.5769329,-3.9165249
1975-05-01,3.7214023058194385,9.0,3.9721769282478934,5.22,5.270586392809726,2.9073927422304675,3.816370767128484,3.5609324397833144,0.1355233,-3.7810016
1975-06-01,3.7283597489575904,8.8,3.979681653901961,5.55,5.232337807614061,2.9183111265854063,3.8114288901924436,3.564166209940295,0.182744,-3.5982576
1975-07-01,3.7375648508906947,8.6,3.9889840465642745,6.1,5.27556037942542,2.9491122529187646,3.810588107772792,3.564364434416003,0.0453894,-3.5528682000000003
1975-08-01,3.74813372566448,8.4,3.9926809084456005,6.14,5.326175694676433,2.947801739796441,3.8159085022424772,3.5661749528884505,-0.1441198,-3.696988
1975-09-01,3.7605021977869035,8.4,4.000033882750859,6.24,5.32942836157309,2.973537788044222,3.8128654338949275,3.5660336241150903,-0.1121478,-3.8091358
1975-10-01,3.7647264490049968,8.4,4.005513348515485,5.82,5.305193670487469,2.955691224016807,3.8034127707040972,3.5765782407767786,-0.1980368,-4.0071726
1975-11-01,3.766987984780207,8.3,4.012772908528289,5.22,5.255670791826564,2.9860858965021855,3.8124015453965656,3.5769697615603473,-0.315378,-4.3225506
1975-12-01,3.779355239770475,8.2,4.018183201256536,5.2,5.245232995455582,3.0141123208354204,3.8161946914154727,3.5849900780216735,0.2369289,-4.0856217
1976-01-01,3.7939081647305577,7.9,4.021773869387265,4.87,5.249022074823159,3.0236392268069987,3.832005297442115,3.5911839316404826,-0.0995446,-4.1851663
1976-02-01,3.803631233484927,7.7,4.023564380161053,4.77,5.263881189226909,3.038935430854639,3.8274667938699793,3.5882300459640066,-0.4622471,-4.6474134
1976-03-01,3.8045246506643204,7.6,4.02535169073515,4.84,5.278318720041347,3.0404666048941618,3.8327849739158917,3.5939092165227096,-0.2652588,-4.912672199999999
1976-04-01,3.81024938250563,7.7,4.027135812528651,4.82,5.3099000277911035,3.0531045534118615,3.845562638727876,3.595859150540715,0.1363696,-4.776302599999999
1976-05-01,3.8148422772385064,7.4,4.032469158504013,5.29,5.312072331780373,3.01519170471021,3.838634774198773,3.5971204613742347,-0.2574376,-5.0337401999999996
1976-06-01,3.8147519042736278,7.6,4.037774210733707,5.48,5.334842141230409,3.0478976875346704,3.8537156965668715,3.6002394789506655,-0.0270147,-5.060754899999999
1976-07-01,3.8207910981536917,7.8,4.04305126783455,5.31,5.3755098623779425,3.0531517644214774,3.85087074443464,3.606095492635015,-0.1440769,-5.204831799999999
1976-08-01,3.827747518838609,7.8,4.048300623720694,5.29,5.332138915023547,3.0454267905778427,3.8545210031566874,3.6094032526121396,-0.0503726,-5.255204399999999
1976-09-01,3.830522235297985,7.6,4.053522567701846,5.25,5.313599990079194,3.051876284172031,3.855473817736961,3.614209785776907,-0.0077816,-5.262986
1976-10-01,3.8308715166172633,7.7,4.05871738457895,5.02,5.280662431309316,3.0418999543989984,3.86222333187554,3.6158247732080255,-0.0823017,-5.3452877
1976-11-01,3.8452932853667057,7.8,4.062165663857866,4.95,5.284117017146896,3.0536237519697687,3.860477047544915,3.6245809041809722,0.0016443,-5.3436434
1976-12-01,3.855693894680134,7.8,4.067315889834181,4.65,5.301462415692109,3.1009027711595305,3.869574689163307,3.6306145459819605,-0.1194494,-5.4630928
1977-01-01,3.8501582399513445,7.5,4.072439726834051,4.61,5.334070536253854,3.0682389643407393,3.8680293197422557,3.634740008013288,-0.1224781,-5.5855709000000004
1977-02-01,3.865314972119038,7.6,4.08260930600368,4.68,5.3610573963692225,3.1031506703212615,3.863525798342597,3.6381123370602833,-0.1395348,-5.7251057
1977-03-01,3.877744141199725,7.4,4.087655574071304,4.69,5.3864198147695825,3.132969291859076,3.8587066133262025,3.633815903338883,-0.2478156,-5.9729213
1977-04-01,3.8866149369602447,7.2,4.0943445622221,4.73,5.39725731440294,3.1262779634006344,3.8646797939176256,3.6349247265160103,-0.085265,-6.0581863
1977-05-01,3.8952389376935557,7.0,4.097672352314776,5.35,5.387518012006339,3.1215275695982987,3.865560131017805,3.6411324956162017,-0.0841385,-6.1423248
1977-06-01,3.902588641441178,7.2,4.102643365036796,5.39,5.339939041238856,3.127593522264287,3.8598661804105814,3.642233240040165,-0.1610702,-6.303395
1977-07-01,3.9043798709493145,6.9,4.107589788972121,5.42,5.318365061851814,3.1306127557478094,3.8704090307076817,3.6502685549862806,-0.2676827,-6.5710777
1977-08-01,3.9045531755870577,7.0,4.11251186617755,5.9,5.302508571166505,3.1402654242862895,3.865539179614584,3.6494107102035698,0.0024756,-6.5686021
1977-09-01,3.9091749535760107,6.8,4.115779842942166,6.14,5.304796332645746,3.14823874526876,3.868990235610726,3.6509439147708993,0.0441249,-6.5244772
1977-10-01,3.911420824153391,6.8,4.120661870539474,6.47,5.31483027492225,3.1480240838962494,3.8839732639813893,3.6576725444892255,-0.0372709,-6.5617481
1977-11-01,3.9121250002265,6.8,4.127134385045092,6.51,5.327390614033744,3.1623901258813385,3.8953446923753328,3.6582655954961,-0.0659826,-6.6277307
1977-12-01,3.913711578985046,6.4,4.131961425793407,6.56,5.359788688636137,3.1710292154109814,3.8893069381844128,3.6632539064749636,-0.1152749,-6.7430056
1978-01-01,3.8999322054044336,6.4,4.138361447638875,6.7,5.384495062789089,3.1015776716373313,3.8817287327945453,3.667042759504762,-0.2165074,-6.959513
1978-02-01,3.9049097662217704,6.3,4.143134726391533,6.78,5.395126422476097,3.1364502804928702,3.896117175744369,3.6761234410127357,0.0573472,-6.902165800000001
1978-03-01,3.923753928303845,6.3,4.14946386144318,6.79,5.422170828715035,3.1620514728704396,3.9034866744058596,3.6832637153283008,-0.0014195,-6.9035853000000005
1978-04-01,3.94430818481102,6.1,4.157319361383489,6.89,5.429345628954441,3.198877178361511,3.8966047526997656,3.688154191174341,-0.0921419,-6.9957272
1978-05-01,3.9477472283622506,6.0,4.1666652238017265,7.36,5.429784129290343,3.209269834722966,3.9031638789948215,3.688754446300785,-0.2391022,-7.2348294
1978-06-01,3.9546916139068737,5.9,4.174387269895637,7.6,5.436556410771803,3.208542620728409,3.904696230041685,3.6941654585431736,0.1988957,-7.035933699999999
1978-07-01,3.9544117719199328,6.2,4.182050142641207,7.81,5.4331541567702475,3.1906820904974187,3.9020938743502613,3.691850037558769,-0.150788,-7.1867217
1978-08-01,3.9579538475343967,5.9,4.188138441508461,8.04,5.465017542439035,3.215028433139307,3.9068094383752587,3.6989287899669376,-0.0950329,-7.281754599999999
1978-09-01,3.960611244450163,6.0,4.197201947661808,8.45,5.493267183491464,3.1698116231539104,3.9187006601813867,3.701573542172821,-0.1752538,-7.457008399999999
1978-10-01,3.9687095301681667,5.8,4.206184043977636,8.96,5.525612288984722,3.1965075090061923,3.911522880386464,3.701573542172821,0.1244038,-7.3326046
1978-11-01,3.975996366893071,5.9,4.212127597878484,9.76,5.5302224235308195,3.199733779339834,3.922012939457494,3.7012032038027685,0.1484506,-7.1841539999999995
1978-12-01,3.9815807839917117,6.0,4.21803603456465,10.03,5.524456426842045,3.2033966380197407,3.9324528869396542,3.705121829659801,-0.0601637,-7.2443177
1979-01-01,3.975035362569671,5.9,4.22683374526818,10.07,5.542595990392205,3.18333154534331,3.9245047829302018,3.7085840373882717,0.0,-7.2443177
1979-02-01,3.9803786072352354,5.9,4.237000862623624,10.06,5.591173530273546,3.190147078035329,3.9267145541711357,3.714400991344014,-0.1817765,-7.4260942
1979-03-01,3.983727663362991,5.8,4.247065649239764,10.09,5.6252802465012435,3.1904351972363507,3.9280931856056407,3.715326624128785,0.0737062,-7.3523879999999995
1979-04-01,3.972805732392362,5.8,4.257030144499196,10.01,5.621487231929371,3.170735449540266,3.9143802250018243,3.7183897114878772,-0.1019559,-7.4543439
1979-05-01,3.9805336273181173,5.6,4.268297869345539,10.24,5.62445062537407,3.175091112497179,3.9230420719105794,3.7173940220121375,0.0686255,-7.3857184
1979-06-01,3.9802814739739283,5.7,4.279440045898781,10.29,5.627800953633573,3.1493542422095553,3.9359738795839325,3.721201425576061,0.0,-7.3857184
1979-07-01,3.978879463074039,5.7,4.290459441148391,10.47,5.639208397330961,3.175508928162988,3.9237736948608077,3.7199419795657542,0.6975303,-6.6881881
1979-08-01,3.972097829074438,6.0,4.300002799195291,10.94,5.6328233857157075,3.1947060755609957,3.94097968468245,3.724584378734713,0.3598159,-6.3283722
1979-09-01,3.973163258989563,5.9,4.309455941839047,11.43,5.638781624438787,3.2073294209678287,3.9435798103323636,3.724391375115296,-0.1433239,-6.4716961
1979-10-01,3.9784378900941237,6.0,4.320151230955794,13.77,5.648410699121214,3.1701896552911437,3.939774349958971,3.730333249006297,0.0,-6.4716961
1979-11-01,3.9776759054148965,5.9,4.330733340286331,13.18,5.638461425200972,3.1660234209639726,3.9450321590350916,3.7330159496020214,0.1038529,-6.3678432
1979-12-01,3.9785426877692087,6.0,4.3425058765115985,13.78,5.655537162028207,3.163320830745881,3.9394436010041383,3.7315317725689137,0.0,-6.3678432
1980-01-01,3.9831373583145697,6.3,4.356708826689592,13.82,5.658227072996699,3.193927179504236,3.9432503178447185,3.7360492585903264,0.0847353,-6.2831079
1980-02-01,3.9833683077786386,6.3,4.3694478524670215,14.13,5.683987847328021,3.153504957426533,3.9436573222014073,3.7305251093325684,0.2826824,-6.0004255
1980-03-01,3.9802123541771506,6.3,4.383275854074314,17.19,5.653786583890511,3.1024768309839788,3.935837183527401,3.7327767151511195,1.433455,-4.5669705
1980-04-01,3.959776441904898,6.9,4.393213824064446,17.61,5.6077853923216745,3.044236682613606,3.9309625152475407,3.725886179743032,-3.250249,-7.8172195
1980-05-01,3.9352140033544463,7.5,4.403054001865957,10.98,5.575380759851677,3.0209125720842893,3.927856983730674,3.724101799823697,-0.7961999,-8.6134194
1980-06-01,3.922875899145913,7.6,4.412798293340635,9.47,5.561834812000519,3.044236682613606,3.9230618525433623,3.730237305037501,0.0,-8.6134194
1980-07-01,3.9150005680853948,7.8,4.414009680526933,9.03,5.6153154933338705,3.095125017432026,3.9225870093316226,3.7342590469866463,0.4034276,-8.2099918
1980-08-01,3.9189191721159875,7.7,4.421247347827163,9.61,5.665388086668889,3.073433781217843,3.9293126739651068,3.7373362293821306,-0.0878418,-8.297833599999999
1980-09-01,3.934989250654758,7.5,4.429625613473161,10.87,5.679421473743266,3.0710252575894224,3.9225870093316226,3.7420172962767886,0.8627606,-7.435072999999999
1980-10-01,3.9473631218731735,7.5,4.439115601658009,12.81,5.692384429703832,3.1156463702193284,3.9301772160081883,3.749339356482515,1.282706,-6.152366999999999
1980-11-01,3.964480721613423,7.5,4.449685283147696,15.85,5.698602414614659,3.1105330890311684,3.924445525426703,3.7488685799279073,1.875421,-4.276945999999999
1980-12-01,3.970331535408675,7.2,4.45898767581001,18.9,5.661501082399595,3.103599644422998,3.931570698270515,3.7595009985927077,-0.6443099,-4.9212558999999985
1981-01-01,3.9647881161624365,7.5,4.468204330914934,19.08,5.640842674882327,3.116577283246194,3.9433860043702857,3.752863133855484,0.0,-4.9212558999999985
1981-02-01,3.9599175305373926,7.4,4.477336814478207,15.93,5.611118789792782,3.142167551783537,3.9360129321682424,3.7470304307559665,-0.7453017,-5.666557599999998
1981-03-01,3.9651561063332847,7.4,4.484131857611035,14.7,5.617207366124011,3.1546572525415497,3.9331972406595526,3.751102797294068,0.3091551,-5.357402499999998
1981-04-01,3.960735071309891,7.2,4.489759334476764,15.72,5.62040086571715,3.1085251010291133,3.9393657618198534,3.751478595870456,0.0,-5.357402499999998
1981-05-01,3.9668425751922527,7.5,4.49647076906475,18.52,5.599532453282402,3.092178171822243,3.9389375379690277,3.7559771976464305,1.508348,-3.8490544999999985
1981-06-01,3.971363037806872,7.5,4.505349850705881,19.1,5.5899416582324415,3.093947321050946,3.947583180826697,3.7624319148569043,0.0,-3.8490544999999985
1981-07-01,3.9779118644490086,7.2,4.516338972281476,19.04,5.614769094995898,3.105348719877314,3.943889821766518,3.757868992261999,-0.6647913,-4.513845799999999
1981-08-01,3.9775260612525445,7.4,4.523960130562548,17.82,5.607418406373117,3.16145855399825,3.9453417206209713,3.7549714554760247,-0.0802236,-4.594069399999999
1981-09-01,3.9712801043759813,7.6,4.533674184283021,15.87,5.5848863197123455,3.1169316889558356,3.9433278552565585,3.7543160093981105,0.0,-4.594069399999999
1981-10-01,3.964406705107708,7.9,4.536891345234797,15.08,5.561488997315319,3.058941786951875,3.945767211392307,3.755907062402273,-0.546217,-5.140286399999999
1981-11-01,3.9529192371927486,8.3,4.541164856012179,13.31,5.541302760075785,3.053670938474437,3.94495475366312,3.753636701329215,-0.4094439,-5.549730299999999
1981-12-01,3.941772080828741,8.5,4.544358046591334,12.37,5.517974848577414,3.0483721608781704,3.9532801052763475,3.7603625557358007,0.1070532,-5.442677099999999
1982-01-01,3.9218763018706575,8.6,4.547541073151455,13.22,5.5300638066695145,3.064325065019603,3.9465017238443885,3.7569585749245307,0.0,-5.442677099999999
1982-02-01,3.941643941661664,8.9,4.550714000192032,14.78,5.532638218452371,3.0963917566531682,3.9539324085053558,3.761734856415185,1.014477,-4.428200099999999
1982-03-01,3.934081908947092,9.0,4.550714000192032,14.68,5.51128936254075,3.09458163759616,3.9491068216580083,3.7630820646464485,-0.4120262,-4.8402262999999985
1982-04-01,3.925168227177833,9.3,4.553876891600541,14.94,5.504518197131935,3.07523637466659,3.9537789636684733,3.7661645168234785,0.0,-4.8402262999999985
1982-05-01,3.918939034469876,9.4,4.563305981889393,14.45,5.515362359400377,3.118038397937959,3.9499351704980072,3.7648909705200317,-0.097881,-4.938107299999999
1982-06-01,3.915656396660567,9.6,4.574710978503383,14.15,5.478511662325817,3.0726470173221165,3.9406104622800586,3.7708741016665637,0.0,-4.938107299999999
1982-07-01,3.912670795566801,9.8,4.579852378003801,12.59,5.485502079007979,3.0778190445521,3.955523010873997,3.7724160510417284,-0.1981146,-5.136221899999999
1982-08-01,3.9041077623783322,9.8,4.581901559048737,10.12,5.473656267914107,3.0840178384213512,3.948663469523138,3.7767300621839626,-0.2438593,-5.380081199999999
1982-09-01,3.9009398131296966,10.1,4.581901559048737,10.31,5.472354703754294,3.1281192615973166,3.9529537940301105,3.7812535095387987,0.0,-5.380081199999999
1982-10-01,3.892071287018439,10.4,4.585987366571318,9.71,5.450566239085699,3.101262774763455,3.961593817193891,3.7904427695233776,-0.2593523,-5.639433499999999
1982-11-01,3.8881277748442273,10.8,4.584967478670572,9.2,5.430397706905245,3.1564044989428894,3.9589256751143655,3.794364961959914,0.0899754,-5.549458099999999
1982-12-01,3.8809945637954684,10.8,4.581901559048737,8.95,5.423936287972195,3.165770363181095,3.9672495544182684,3.795421771169315,0.6315141,-4.9179439999999985
1983-01-01,3.899903864405533,10.4,4.583946549536464,8.68,5.440294245443586,3.1517954091855787,3.9611940494345954,3.8032120995699663,0.0,-4.9179439999999985
1983-02-01,3.8937347908299667,10.4,4.584967478670572,8.51,5.476505392060385,3.14354864824821,3.960927448781749,3.8043932503262767,0.2108304,-4.707113599999999
1983-03-01,3.9017888142904593,10.3,4.585987366571318,8.77,5.494089721066114,3.1592107425464655,3.9752982289411873,3.811384656105649,0.1374193,-4.569694299999998
1983-04-01,3.913815398132185,10.2,4.593097604753822,8.8,5.518496528398231,3.1946650961531424,3.97089550493909,3.8162387132503097,0.0,-4.569694299999998
1983-05-01,3.920772615704795,10.1,4.597138014290827,8.63,5.516528774816684,3.2200751054436827,3.9755985630651556,3.8181298212112136,-0.0386531,-4.608347399999999
1983-06-01,3.926428742735747,10.1,4.599152113662528,8.98,5.513025439041145,3.250219441148131,3.9860538317490617,3.8223608454884173,0.0,-4.608347399999999
1983-07-01,3.941665299329796,9.4,4.603168183317418,9.37,5.527403227317876,3.264575504119191,3.990334985487082,3.8284457251727986,0.0319688,-4.576378599999999
1983-08-01,3.952527509553659,9.5,4.6061696863211745,9.56,5.588446442642869,3.256094535350809,3.9916841018358262,3.83414794670518,-0.2393029,-4.815681499999999
1983-09-01,3.9677358193362684,9.2,4.609162207257629,9.45,5.594599849218988,3.258173458139977,3.9958493154730013,3.836091833794323,0.0,-4.815681499999999
1983-10-01,3.9757092885140115,8.8,4.613138355637268,9.48,5.582367852765768,3.2927209053260715,4.000125453649692,3.839774841220522,0.2252154,-4.5904660999999995
1983-11-01,3.979057159880734,8.5,4.616110126026426,9.34,5.591621107767871,3.296096091661714,4.0052400871392795,3.8402691831647555,-0.1489062,-4.739372299999999
1983-12-01,3.9841036382031634,8.3,4.619073091157083,9.47,5.609838028479659,3.3339886319687055,4.00884113860816,3.8486571298063263,0.1864091,-4.5529632
1984-01-01,4.004089749157654,8.0,4.625952725170619,9.56,5.633717600207914,3.3609654907742765,4.016815359712863,3.8493174700120214,0.2166587,-4.3363045
1984-02-01,4.008646867428586,7.8,4.630837932736669,9.59,5.627117389720715,3.337085436194911,3.998622630993125,3.8413429972404054,0.0,-4.3363045
1984-03-01,4.013336944728334,7.8,4.633757642840004,9.91,5.654557215846823,3.3361609588143195,4.006314484715065,3.8522730010223722,-0.0782931,-4.4145976
1984-04-01,4.019814962734527,7.7,4.637637376125593,10.29,5.659482215759621,3.3527071725017215,4.019333618409586,3.8537792969866556,0.0,-4.4145976
1984-05-01,4.024419113162688,7.4,4.639571612705423,10.32,5.675691594489676,3.369156167450692,4.0259408028887895,3.8564468685392943,0.1263111,-4.2882865
1984-06-01,4.027889539100586,7.2,4.641502115235482,11.06,5.659482215759621,3.3811647279119192,4.041295341132285,3.857630175597601,0.0,-4.2882865
1984-07-01,4.031383462966868,7.5,4.645351975620923,11.23,5.631175938885108,3.368088619094402,4.025512392107706,3.861992071822581,0.3350084,-3.9532781
1984-08-01,4.031791624064844,7.5,4.648229675448539,11.64,5.6131281063880705,3.36145119713964,4.025387404383124,3.8706591974868383,-0.0653747,-4.0186528
1984-09-01,4.0301455390041445,7.3,4.651099117876491,11.3,5.605360792478438,3.374579583757863,4.038038726011006,3.873905683315018,0.0,-4.0186528
1984-10-01,4.028733466081557,7.4,4.6549122778829055,9.99,5.587623120115915,3.369913091622389,4.031298260504466,3.8728454913417716,-0.0103411,-4.0289939
1984-11-01,4.032616310797151,7.2,4.6568134191399295,9.43,5.599347456519317,3.41187352165939,4.04317406731193,3.881873028477263,-0.5609847,-4.589978599999999
1984-12-01,4.033557218833896,7.3,4.658710952916121,8.38,5.566434283504978,3.4175299429497152,4.037474342144458,3.8860485716559103,-0.170801,-4.760779599999999
1985-01-01,4.031307136099685,7.3,4.660604892876192,8.35,5.544239504751586,3.431629588782357,4.040416220196545,3.8966047526997656,0.0,-4.760779599999999
1985-02-01,4.0353992587276775,7.2,4.666265285347902,8.5,5.538396694568449,3.424230080772728,4.047864228339559,3.901103605178869,-0.1213873,-4.8821669
1985-03-01,4.036934351978216,7.2,4.6709579265260945,8.58,5.53414019501932,3.44645751306702,4.041980519349342,3.8970108853076426,0.2077607,-4.6744062
1985-04-01,4.034306122733897,7.3,4.672828834461906,8.27,5.54588032240299,3.4235131881455705,4.053210018863545,3.901972669574645,0.0,-4.6744062
1985-05-01,4.0355654239528596,7.2,4.674696248636701,7.97,5.523858042461968,3.4760265222828046,4.053869729656382,3.908797810072451,-0.1464615,-4.8208677
1985-06-01,4.0363057609548445,7.4,4.677490847567717,7.53,5.500073835980599,3.437625738275707,4.046483965870601,3.91248289966058,0.0,-4.8208677
1985-07-01,4.029573125072812,7.4,4.679349584162343,7.88,5.4829695386802735,3.456505937421036,4.052341314741643,3.9177863653172507,0.064076,-4.7567917
1985-08-01,4.03366879326434,7.1,4.681204872264089,7.9,5.459713165570837,3.4918604165593976,4.060873952160501,3.9225276380732317,0.1866845,-4.5701072
1985-09-01,4.038158616558133,7.1,4.683056724645162,7.92,5.438774719243292,3.5721489893104437,4.064881422071459,3.9241887023270174,0.0,-4.5701072
1985-10-01,4.034028226214046,7.1,4.686750172980514,7.99,5.436382217503932,3.4614768458793432,4.063300991590639,3.9257878340038594,0.1063961,-4.463711099999999
1985-11-01,4.037493748127323,7.0,4.6913478822291435,8.05,5.4510384535657,3.4648917966423425,4.070632302262349,3.926202006601416,0.0195127,-4.444198399999999
1985-12-01,4.047742003498081,7.0,4.695924549256556,8.27,5.454979176561413,3.492256112609122,4.070820017175143,3.938353300674176,-0.0526709,-4.496869299999999
1986-01-01,4.052567250420455,6.7,4.699570861409576,8.14,5.450652112851316,3.517141690859627,4.075535441235046,3.931551085235691,0.0,-4.496869299999999
1986-02-01,4.0456531431772085,7.2,4.697749367281185,7.86,5.427941134341542,3.488078194573111,4.0746519288763645,3.934547415506818,-0.094937,-4.591806299999999
1986-03-01,4.039016824612583,7.2,4.692264892839025,7.48,5.381830966775854,3.4738590703567422,4.092275757052989,3.9354465203717344,0.0,-4.591806299999999
1986-04-01,4.039631391630735,7.1,4.688591794127164,6.99,5.365087770181889,3.5234740096962947,4.084344730143767,3.938080539747436,0.1915616,-4.400244699999999
1986-05-01,4.041377938775487,7.2,4.6913478822291435,6.85,5.373239293065296,3.5447781101396796,4.0917077555675965,3.9400077539629095,0.0854616,-4.314783099999999
1986-06-01,4.038396591970226,7.2,4.695010889987881,6.92,5.379251984044036,3.515210356599121,4.093077092655135,3.9430370589573154,0.0,-4.314783099999999
1986-07-01,4.043542375291715,7.0,4.695924549256556,6.56,5.396351106819402,3.542725878702426,4.093761058683684,3.947486669703715,-0.1862836,-4.501066699999999
1986-08-01,4.04249672814092,6.9,4.696837374513915,6.17,5.346107030383885,3.583824447339074,4.089332020398556,3.947563879347238,-0.2269864,-4.7280530999999995
1986-09-01,4.044304867714688,7.0,4.700480365792417,5.89,5.362324496522329,3.696351468952637,4.09229245809597,3.953376058911625,0.0229667,-4.7050864
1986-10-01,4.04887811836962,7.0,4.702296896718814,5.85,5.4051517954618635,3.5824350178930726,4.1008069691497555,3.9543542604415842,0.0,-4.7050864
1986-11-01,4.053378460096622,6.9,4.704110133842995,6.04,5.425962720383707,3.5446914813008847,4.096026480337844,3.960394034153541,0.0324334,-4.6726529999999995
1986-12-01,4.061935000424055,6.6,4.707726774313183,6.91,5.429082436427589,3.651281423698618,4.102858217987305,3.967646909176143,-0.0472494,-4.7199024
1987-01-01,4.058822733088323,6.6,4.713127327493184,6.43,5.43790538075509,3.488475389769216,4.090085505301717,3.9686868525456878,0.0,-4.7199024
1987-02-01,4.071517666432571,6.6,4.716711560720999,6.1,5.421242713385335,3.5531742719485613,4.109610771725829,3.976555276546186,0.1971277,-4.522774699999999
1987-03-01,4.07329285515048,6.6,4.720282993088596,6.13,5.4240685718535975,3.5548622292063055,4.103799720992856,3.9808958697145216,0.2403089,-4.2824658
1987-04-01,4.079504998525438,6.3,4.724729421045731,6.37,5.450480357945144,3.5716712532083954,4.107737804333096,3.983226764434478,0.0,-4.2824658
1987-05-01,4.08591076418485,6.3,4.727387818712341,6.85,5.512702676188347,3.5614437308042524,4.109824133070487,3.9859052378188506,0.2612897,-4.0211761
1987-06-01,4.0906293359746195,6.2,4.7318028369214575,6.73,5.5225403350818105,3.5852396793541765,4.108871861502638,3.987798158491705,0.0,-4.0211761
1987-07-01,4.097534469055163,6.1,4.73444252169223,6.58,5.535521601510581,3.5978874376081786,4.109397364848393,3.9927178081338024,-0.032253,-4.0534291
1987-08-01,4.105813541325251,6.0,4.738826570800765,6.73,5.5334290136381,3.6315680874008227,4.110841076750564,3.9966949814853447,-0.0093601,-4.0627892
1987-09-01,4.108155418447288,5.9,4.742320024135325,7.22,5.544161303383023,3.6102420085968636,4.108609006235805,3.995094966431223,-0.1332063,-4.1959955
1987-10-01,4.122627469950154,6.0,4.74493212836325,7.29,5.544825820166979,3.5702085243962576,4.1088554350725115,4.003525946889517,0.0,-4.1959955
1987-11-01,4.127784173886589,5.8,4.748404354073999,6.69,5.5353243745214,3.579399353495115,4.109807722275466,4.002868688727722,-0.0596477,-4.255643200000001
1987-12-01,4.132657812473391,5.7,4.750135956238277,6.77,5.543104985920118,3.6078320752606143,4.1138693731531095,4.00709679365782,-0.1259441,-4.3815873000000005
1988-01-01,4.133178982825303,5.7,4.7535901911063645,6.83,5.563562093880882,3.632705849307993,4.113084533596154,4.0158603616674,0.0,-4.3815873000000005
1988-02-01,4.137555700464261,5.7,4.755312844417811,6.58,5.556596374630502,3.629686619301117,4.11622020273954,4.016923415253516,-0.1739662,-4.5555535
1988-03-01,4.139784676791858,5.7,4.757891273005756,6.58,5.554508771908447,3.6341328354388343,4.135246553542527,4.0220426504666955,0.0863419,-4.4692116
1988-04-01,4.1451248083562335,5.4,4.763881877142913,6.87,5.569069431776972,3.6226862313791375,4.126569709516837,4.0217380264510085,0.0,-4.4692116
1988-05-01,4.144020048663807,5.6,4.7664383335842135,7.09,5.592441146579294,3.636005964506868,4.1309175424529405,4.02733187173916,0.2279987,-4.241212900000001
1988-06-01,4.146627033879129,5.4,4.770684624465665,7.51,5.638105527980331,3.638822237572566,4.130965745677746,4.031937102093484,0.3521378,-3.889075100000001
1988-07-01,4.14725005631702,5.4,4.774912960575186,7.75,5.640487624283887,3.6266316406344092,4.131576118827428,4.038250287867192,0.0,-3.889075100000001
1988-08-01,4.151705825857008,5.6,4.77912349311153,8.01,5.632787600498577,3.6198776540156965,4.1388238606457035,4.044138395994782,-0.1620613,-4.051136400000001
1988-09-01,4.148878516660767,5.4,4.783316371371566,8.19,5.617897735499032,3.6116473762506724,4.138664432037497,4.041471072615033,-0.0483951,-4.0995315
1988-10-01,4.153710352827204,5.4,4.786658062033468,8.3,5.613857767128214,3.628784379562596,4.145750350282,4.048143543321387,0.0,-4.0995315
1988-11-01,4.155333039403771,5.3,4.789988622980633,8.35,5.611265058122292,3.6359005293230497,4.149448088448125,4.049137969384021,-0.0303479,-4.1298794
1988-12-01,4.160015254711746,5.3,4.793308128103486,8.76,5.637286483367837,3.6697730843742,4.144990146890993,4.052115328004364,0.4416863,-3.6881931000000003
1989-01-01,4.1631116304396345,5.4,4.797442073635214,9.12,5.647247395914323,3.6598367686612057,4.156191965548181,4.052567250420455,0.0,-3.6881931000000003
1989-02-01,4.158453303517545,5.2,4.800736969532067,9.36,5.654872303286193,3.6283329542459026,4.149716195534855,4.059166333872488,0.2700066,-3.4181865000000005
1989-03-01,4.160952814986687,5.0,4.805659046737495,9.85,5.661466308862253,3.6331024386449378,4.147822136000247,4.0578188808726505,0.0522098,-3.3659767000000005
1989-04-01,4.162049938576113,5.2,4.812997033190408,9.84,5.651049548003997,3.668574700773572,4.149243016869538,4.058838275371536,0.0,-3.3659767000000005
1989-05-01,4.1545879349017305,5.2,4.8178592793984425,9.81,5.645835514701352,3.6423642003724677,4.153430746347937,4.061201343628847,0.1402752,-3.2257015000000004
1989-06-01,4.155206018736083,5.3,4.821087692210561,9.53,5.63867490275106,3.6502425704990182,4.155612114569303,4.06182137051654,0.0,-3.2257015000000004
1989-07-01,4.145875411724534,5.2,4.824305715904762,9.24,5.634789603169249,3.6597080768136565,4.155016241754833,4.065035895360761,0.0590455,-3.1666560000000006
1989-08-01,4.154645994563541,5.2,4.824305715904762,8.99,5.622283151077064,3.7019930932593192,4.163590734958915,4.067487108052218,-0.1225097,-3.2891657000000007
1989-09-01,4.151561029932446,5.3,4.826712455935327,9.02,5.616552892043274,3.666199190390716,4.169575712898415,4.070256766693011,0.0,-3.2891657000000007
1989-10-01,4.150570504408419,5.3,4.83150862819882,8.84,5.614331761266853,3.6503465043971524,4.165889729385197,4.074294904416397,-0.062635,-3.351800700000001
1989-11-01,4.153956907153244,5.4,4.835487941050301,8.55,5.595417449978076,3.640109289744507,4.171845581000848,4.074872880157506,0.1344756,-3.217325100000001
1989-12-01,4.159881022752476,5.4,4.838660029356445,8.45,5.567657244751953,3.645371564137002,4.184215734983795,4.082018912531463,-0.0511646,-3.268489700000001
1990-01-01,4.153647526720423,5.4,4.848116364598481,8.23,5.562065288704186,3.7294214094268727,4.168694171845805,4.07789331278027,0.0,-3.268489700000001
1990-02-01,4.163004267104111,5.3,4.852030263919617,8.24,5.566434283504978,3.6661480421118444,4.172708939209356,4.0824912551911,0.3175005,-2.950989200000001
1990-03-01,4.168435748520655,5.2,4.856706811803519,8.28,5.585299193885424,3.662971728572751,4.176723001488003,4.087168878473005,-0.070355,-3.021344200000001
1990-04-01,4.167388992825478,5.4,4.859036909945142,8.26,5.609911259046131,3.6669661008020453,4.171614197713401,4.0915239212853285,0.0,-3.021344200000001
1990-05-01,4.16902832095986,5.4,4.860587297852597,8.18,5.623295223743515,3.6457370612170945,4.172339019816738,4.094794461002466,0.0411603,-2.980183900000001
1990-06-01,4.172386808768404,5.2,4.866764923676554,8.29,5.6240175061873385,3.646258968277296,4.177474806238303,4.097672352314776,0.0,-2.980183900000001
1990-07-01,4.171347269156864,5.5,4.871373226762748,8.15,5.6243423631628895,3.6488904458975733,4.176339209774728,4.101088437755446,-0.0973543,-3.077538200000001
1990-08-01,4.174081069174827,5.7,4.879767018891217,8.13,5.609581679257374,3.634502462647605,4.177229381114742,4.104129862956897,0.1683711,-2.9091671000000012
1990-09-01,4.175927621406425,5.9,4.886582645426277,8.2,5.604919323852329,3.6450581745650865,4.172739759649474,4.102957365320323,0.0,-2.9091671000000012
1990-10-01,4.168276328376267,5.9,4.893352133481524,8.11,5.593074352671779,3.6239141752615773,4.163777336937438,4.102064685237239,-0.0942083,-3.0033754000000012
1990-11-01,4.156509957221985,6.2,4.895598484107897,7.81,5.566204811671638,3.6178935263806498,4.170641802844495,4.098934014555908,0.053755,-2.9496204000000015
1990-12-01,4.149661002892809,6.3,4.8993312245375815,7.31,5.558718166217954,3.6028584955888863,4.1615981442439,4.100078094069861,-0.0827227,-3.0323431000000016
1991-01-01,4.145392493177173,6.4,4.903050083416319,6.91,5.550437026098764,3.549243753769917,4.159476657159883,4.096924564485488,0.0,-3.0323431000000016
1991-02-01,4.138568762670754,6.6,4.9037921984782065,6.25,5.542282633554545,3.575178699597769,4.163155194882344,4.100558548688569,-0.2267741,-3.2591172000000017
1991-03-01,4.133042702960763,6.8,4.9037921984782065,6.12,5.545255566427963,3.6346344392615406,4.174741053460697,4.102825166691692,0.2594308,-2.9996864000000016
1991-04-01,4.135323344450521,6.7,4.906015244966153,5.91,5.5457632103852115,3.589390555613194,4.1701938745055385,4.108526849793462,0.0,-2.9996864000000016
1991-05-01,4.14502500218607,6.9,4.909709375506295,5.78,5.526090186245908,3.5870958669464525,4.175678743277072,4.110709916308365,0.2320168,-2.767669600000002
1991-06-01,4.154361940880193,6.9,4.912654885736052,5.9,5.509914513961874,3.5994743052462375,4.169142772297287,4.1112344548903685,0.0,-2.767669600000002
1991-07-01,4.154832704137342,6.8,4.9141243937154115,5.82,5.494336350465589,3.608997150241689,4.176676954258887,4.113934748653664,-0.0594382,-2.827107800000002
1991-08-01,4.155701464875074,6.9,4.91705694713669,5.66,5.497127240846794,3.5992008869692564,4.174771811334716,4.114163529254067,0.1195838,-2.707524000000002
1991-09-01,4.164653900120097,6.9,4.919980925828125,5.45,5.494665095075083,3.6135091470891596,4.168585858821057,4.114767911862979,0.0,-2.707524000000002
1991-10-01,4.162630739615149,7.0,4.921439715291784,5.21,5.498396978263695,3.5831021849597677,4.166308571061412,4.115274005403131,-0.0072307,-2.714754700000002
1991-11-01,4.161683845062395,7.0,4.925803358579558,4.81,5.48848307736504,3.588534119165061,4.1657966296287405,4.122105633007491,0.0,-2.714754700000002
1991-12-01,4.157511831122911,7.3,4.92870191133357,4.43,5.483468250352151,3.6006764583376545,4.162065514050971,4.1241784075419785,0.0,-2.714754700000002
1992-01-01,4.1514587158233205,7.3,4.929425238670713,4.03,5.474117706351726,3.629129449708162,4.183423245305645,4.133164554071683,0.0,-2.714754700000002
1992-02-01,4.158726821151369,7.4,4.931592086755803,4.06,5.469999188237646,3.6386645254494336,4.1808433078387175,4.134174064384716,0.0497054,-2.665049300000002
1992-03-01,4.167429272927112,7.4,4.935193098929397,3.98,5.479471575589985,3.6200383568229846,4.174218024805264,4.143293443953964,-0.0609602,-2.7260095000000018
1992-04-01,4.174674920827833,7.4,4.937347498326424,3.73,5.4948705055887155,3.614613777217783,4.1824012260423835,4.1424201854536635,0.0,-2.7260095000000018
1992-05-01,4.1781264243824765,7.6,4.939497266262916,3.82,5.504640240131903,3.6367436996934077,4.18592050570931,4.145021833573083,0.1565276,-2.5694819000000018
1992-06-01,4.178238306664041,7.8,4.942356453342962,3.76,5.5121375904013625,3.65687265797885,4.182782698683978,4.146778872070522,0.0,-2.5694819000000018
1992-07-01,4.186998186201576,7.7,4.945207488773801,3.25,5.5093883366279774,3.6480314175879243,4.186528648763295,4.152346139018757,-0.0457016,-2.615183500000002
1992-08-01,4.182153954046509,7.6,4.9473404437239425,3.3,5.500278138594339,3.6564079139669734,4.189427443468793,4.153603546097022,0.0116073,-2.603576200000002
1992-09-01,4.184310182246493,7.6,4.9494688588587685,3.22,5.50573795739701,3.667502588354351,4.192952329307216,4.160366357764098,0.0,-2.603576200000002
1992-10-01,4.19188256162278,7.3,4.953712146696635,3.1,5.48691088010284,3.6762247196556883,4.199905057882593,4.161255267504727,-0.1153874,-2.7189636000000017
1992-11-01,4.196218005102439,7.4,4.956531035103055,3.09,5.473530384104697,3.6578788629941483,4.197126756865127,4.168523960396352,0.0327609,-2.6862027000000017
1992-12-01,4.197080135731758,7.4,4.957937505095806,2.92,5.470462316890431,3.696549960418156,4.201792896868274,4.169699375793521,-0.1789933,-2.865196000000002
1993-01-01,4.20142310123229,7.3,4.9614450499054845,3.02,5.474578931962116,3.7051464265778082,4.201598284632539,4.16578111215995,0.0,-2.865196000000002
1993-02-01,4.205422203925701,7.1,4.963543686562405,3.03,5.474746597637154,3.679990060268019,4.201358709876582,4.173602346539267,0.035227,-2.829969000000002
1993-03-01,4.204728439644936,7.0,4.964940334834126,3.07,5.473740181650835,3.6746030291951275,4.198884741496024,4.171321035337921,-0.0385323,-2.868501300000002
1993-04-01,4.207722353466245,7.1,4.9684234452869465,2.96,5.468102334337813,3.7102494798501287,4.2034978761186235,4.1731865493191185,0.0,-2.868501300000002
1993-05-01,4.204280594221745,7.1,4.971201224850849,3.0,5.460053489732883,3.726753106542018,4.212349795413005,4.171938119327204,0.3306535,-2.537847800000002
1993-06-01,4.206143804717973,7.0,4.971894465779825,3.04,5.4525394723958245,3.7187780044597996,4.209724713262173,4.180185810433553,0.0,-2.537847800000002
1993-07-01,4.209283557426749,6.9,4.973279507552487,3.06,5.4615410476500506,3.7351903569771867,4.2168423916757805,4.1819585353919555,0.0352706,-2.502577200000002
1993-08-01,4.208309949553249,6.8,4.975353479951616,3.03,5.463619918172396,3.721128808329433,4.214598616469919,4.187121232369109,0.0682457,-2.434331500000002
1993-09-01,4.213128578211952,6.7,4.976733742420574,3.09,5.461838293878274,3.7327767151511195,4.223675478518507,4.190381750419043,0.1846016,-2.249729900000002
1993-10-01,4.220665857787799,6.8,4.980863135762585,2.99,5.47058858748849,3.7451416331220693,4.221417644785577,4.191350273497173,0.0,-2.249729900000002
1993-11-01,4.224808337850438,6.6,4.983606621708336,3.02,5.487200681177132,3.75274587444235,4.226308059674461,4.192484069036585,-0.0450063,-2.294736200000002
1993-12-01,4.230099938294408,6.5,4.9856593080260785,2.96,5.503215477520897,3.7624783681481286,4.228205067349828,4.195410870956904,-0.1333112,-2.428047400000002
1994-01-01,4.233767316644746,6.6,4.9856593080260785,3.05,5.512743027242523,3.763546198696692,4.2322351895615435,4.198013648218948,0.0,-2.428047400000002
1994-02-01,4.234034038203518,6.6,4.9883896851489355,3.25,5.526169813589981,3.7849847722574226,4.239497742822211,4.203557647195417,0.2618445,-2.166202900000002
1994-03-01,4.244319392455859,6.5,4.991112627607392,3.34,5.536231296765696,3.7823925656123825,4.244056835450428,4.202436344572941,0.3355493,-1.8306536000000018
1994-04-01,4.249573232237669,6.4,4.991792206294776,3.56,5.533508058772913,3.8044377947482086,4.2456053560626845,4.2040655571568895,0.0,-1.8306536000000018
1994-05-01,4.254996917420117,6.1,4.993828175779875,4.01,5.547791213108276,3.7707589354239652,4.244114230847332,4.208595441225374,0.321621,-1.5090326000000018
1994-06-01,4.261480566606678,6.1,4.996536369716754,4.25,5.5479080878770946,3.787683523172517,4.249751595364063,4.212557135243729,0.0,-1.5090326000000018
1994-07-01,4.263267028577773,6.1,4.99991133073328,4.26,5.560489304829725,3.786777192390396,4.249066507417651,4.212023888797179,0.0799912,-1.4290414000000018
1994-08-01,4.268800544103859,6.0,5.003946305945459,4.47,5.57644140618771,3.802542904809325,4.258360703671816,4.215809699503277,0.4314457,-0.9975957000000018
1994-09-01,4.272559085577316,5.9,5.005957704545144,4.73,5.58982959458017,3.805150235779323,4.257752263312035,4.217888748313555,0.06949,-0.9281057000000017
1994-10-01,4.281229302949019,5.8,5.006627272698717,4.76,5.594488306395724,3.8302053902043713,4.264720047997654,4.219845883281562,0.0,-0.9281057000000017
1994-11-01,4.2874604280528645,5.6,5.00930107108312,5.29,5.616807460641794,3.8369114529330175,4.262116338001324,4.22053658745986,0.6061283,-0.32197740000000175
1994-12-01,4.2979872007197395,5.5,5.011301738639416,5.45,5.643961696337661,3.8310949059109047,4.270047038936174,4.223001594430363,-0.2163531,-0.5383305000000017
1995-01-01,4.3000747097711285,5.6,5.01396308418893,5.53,5.663828159149168,3.8161506676426282,4.274274372179652,4.224451347567316,0.0,-0.5383305000000017
1995-02-01,4.298889561051024,5.4,5.016617365773803,5.92,5.65469726696571,3.7991678080080593,4.263876344087661,4.229050265074392,0.5159812,-0.02234930000000168
1995-03-01,4.3005711586796425,5.4,5.018603463745433,5.98,5.6558869102130815,3.8199954319714733,4.269459659192278,4.231174674749322,0.2422047,0.2198553999999983
1995-04-01,4.300236150528487,5.8,5.02256386496153,6.05,5.657284680996621,3.7969263581970703,4.2674992311912385,4.234005050175571,0.0,0.2198553999999983
1995-05-01,4.3032106742381675,5.6,5.024538199265247,6.01,5.664209699536378,3.818964289176541,4.274956324817333,4.238213999308034,0.2246379,0.4444932999999983
1995-06-01,4.306865223232397,5.6,5.026508643252546,6.0,5.686805850449084,3.8492109930162757,4.2798554720627555,4.2430087903890605,0.0,0.4444932999999983
1995-07-01,4.302858960713321,5.7,5.027820118850356,5.85,5.688228807729435,3.8314851752016654,4.277762739729927,4.243109335487213,0.0193463,0.4638395999999983
1995-08-01,4.315563596173527,5.7,5.029784112935016,5.74,5.676445535580906,3.8531855357036515,4.273146041918901,4.248195197040357,-0.0490342,0.4148053999999983
1995-09-01,4.319599216921951,5.6,5.031091302663638,5.8,5.672154199198024,3.864281291442685,4.282054354146919,4.246350085702971,0.0613979,0.47620329999999833
1995-10-01,4.318241163256516,5.5,5.033700567027251,5.76,5.679045694423787,3.844043905615285,4.273438694256982,4.247523341335403,0.0,0.47620329999999833
1995-11-01,4.320750785229758,5.6,5.03500265054455,5.8,5.692586701895467,3.8658743494021657,4.284193274325118,4.2521884138869765,0.1075207,0.5837239999999984
1995-12-01,4.324566999000603,5.6,5.0363030408448335,5.6,5.672773287781856,3.8903907053010323,4.290705986096153,4.25478967618348,-0.1249469,0.4587770999999984
1996-01-01,4.317987988577961,5.6,5.04148775757902,5.56,5.658645628984671,3.8559181540433736,4.283669317057013,4.25731339050024,0.073092,0.5318690999999984
1996-02-01,4.333522866989061,5.5,5.043425116919247,5.22,5.652489180268651,3.8835412229924957,4.289033767824717,4.261806256109032,0.0,0.5318690999999984
1996-03-01,4.332221705804867,5.5,5.0466457316192885,5.31,5.658122406620676,3.893410869216164,4.295024348552021,4.265211880082047,0.065497,0.5973660999999985
1996-04-01,4.341035354992369,5.6,5.050496827521386,5.22,5.686602405446348,3.910501849056207,4.299622808419066,4.265984270669195,0.0,0.5973660999999985
1996-05-01,4.348295327126536,5.6,5.052416828111211,5.24,5.729775054930455,3.9157161772657636,4.299134036584316,4.267092661581622,0.0063028,0.6036688999999985
1996-06-01,4.356721647120231,5.3,5.054333149361975,5.27,5.734958092124651,3.900921612356972,4.30728961855964,4.269025895586638,0.0,0.6036688999999985
1996-07-01,4.354934176005085,5.5,5.056245805348308,5.4,5.735119629965241,3.90614576825527,4.307424309578646,4.2711788693383514,-0.0105403,0.5931285999999986
1996-08-01,4.360774907940086,5.1,5.057518879995106,5.22,5.750347943803522,3.919455317245442,4.31067831271883,4.272644152853729,-0.0238854,0.5692431999999985
1996-09-01,4.367633549386244,5.2,5.060694493968993,5.3,5.734861156893465,3.9228244591220016,4.3092408649482286,4.274413583962762,0.0137985,0.5830416999999986
1996-10-01,4.366869848724844,5.2,5.063860055333554,5.24,5.696623577457721,3.9306681002969857,4.316474266433646,4.274733697536223,0.0,0.5830416999999986
1996-11-01,4.3755570016576195,5.4,5.0670156275323635,5.31,5.651927619113924,3.938567560650258,4.315753276242594,4.277415837906601,0.0730004,0.6560420999999985
1996-12-01,4.3821553763863115,5.4,5.069532935343741,5.29,5.657144991804844,3.937183801086646,4.319313113876328,4.282330601058164,0.0161422,0.6721842999999985
1997-01-01,4.383481825370133,5.3,5.071416766356115,5.25,5.677301597406604,3.959784068826406,4.3158734773793075,4.286643952241304,0.0,0.6721842999999985
1997-02-01,4.395663232196791,5.2,5.073297055220967,5.19,5.690832315480573,3.9566903969233054,4.323668972611392,4.28771595520264,0.0197767,0.6919609999999985
1997-03-01,4.402670819525852,5.2,5.073923033332174,5.39,5.696019084038367,3.97002772771472,4.330141059659626,4.28669895471643,0.102688,0.7946489999999985
1997-04-01,4.403467625002443,5.1,5.074548619839908,5.51,5.677130443658775,3.95770357792012,4.321387168997277,4.292416429107287,0.0,0.7946489999999985
1997-05-01,4.409629642099853,4.9,5.074548619839908,5.5,5.678601409458943,3.9500699530650487,4.320137932995036,4.295406090390108,0.0984425,0.8930914999999985
1997-06-01,4.414686207079171,5.0,5.076423034634259,5.56,5.683817834236604,3.9691214174680227,4.329825033163441,4.295787686556971,0.0,0.8930914999999985
1997-07-01,4.422300879206499,4.9,5.077670695432414,5.52,5.67394163264518,3.9906308380067603,4.337604417121135,4.303253953508486,-0.049381800000000003,0.8437096999999985
1997-08-01,4.432773217141702,4.8,5.080161356744866,5.54,5.687449820035304,4.016617227558068,4.340019041776209,4.3066832843700915,0.1114467,0.9551563999999985
1997-09-01,4.442016937705628,4.9,5.0826458300725275,5.54,5.681468697059617,4.000308570295506,4.341660265507295,4.309644096179919,-0.1585259,0.7966304999999985
1997-10-01,4.451023172820777,4.7,5.084505142662711,5.5,5.689446875888835,4.006951294139531,4.342245764662037,4.315926895469356,0.0,0.7966304999999985
1997-11-01,4.459754742650116,4.6,5.085742766583061,5.52,5.684191824891197,4.03339071955176,4.350600464986512,4.313975284102691,-0.0720625,0.7245679999999984
1997-12-01,4.463074221902182,4.7,5.086361004624392,5.5,5.631426812464061,4.0427178789333125,4.347422249861949,4.322011202263895,0.0043289,0.7288968999999984
1998-01-01,4.468359135445856,4.6,5.087596335232384,5.56,5.58926908786744,4.027046681996928,4.351438552905858,4.322555253869329,0.0,0.7288968999999984
1998-02-01,4.469473021199809,4.6,5.087596335232384,5.51,5.579314645471096,4.038867087752814,4.353035421323283,4.329811863225142,-0.0247867,0.7041101999999984
1998-03-01,4.470337375457961,4.7,5.087596335232384,5.49,5.596902286362097,4.041506215206099,4.357285583410377,4.334843303856011,-0.026396,0.6777141999999984
1998-04-01,4.474037058083493,4.3,5.088830141681313,5.45,5.5971989892534175,4.064194585271218,4.364168116372569,4.336048139057221,0.0,0.6777141999999984
1998-05-01,4.480444480677621,4.4,5.0912931971137105,5.49,5.621921448175881,4.09795470447623,4.362933005978784,4.3408139388398075,-0.0667749,0.6109392999999984
1998-06-01,4.4740108349899534,4.5,5.09252245356844,5.56,5.609728172573878,4.092893509954786,4.370776083901028,4.349322641500755,0.0,0.6109392999999984
1998-07-01,4.470259556939862,4.5,5.094976442530006,5.54,5.586161925798122,4.089733949664417,4.372948048740675,4.350303742477934,0.0328574,0.6437966999999984
1998-08-01,4.4905155019331975,4.5,5.096201182425903,5.55,5.56409886254648,4.113051818576685,4.370687590003888,4.353485689240296,0.099412,0.7432086999999985
1998-09-01,4.48833407685524,4.6,5.096812990337308,5.51,5.541106670109081,4.136094126416563,4.375731864111134,4.358578871936318,-0.2392213,0.5039873999999985
1998-10-01,4.496239973202665,4.5,5.099256485749784,5.07,5.534732460055486,4.160537963290217,4.379084811752961,4.357772363497873,0.0,0.5039873999999985
1998-11-01,4.495649919439345,4.4,5.100475998096045,4.83,5.493020290230397,4.1610837850383895,4.3871012370716285,4.359218495347873,-0.1402164,0.3637709999999985
1998-12-01,4.499143893194289,4.4,5.10230248262208,4.68,5.452582325559466,4.189669893426794,4.393498085265325,4.363518918618141,-0.1692948,0.19447619999999852
1999-01-01,4.503641209489063,4.3,5.104125637183595,4.63,5.473572347135272,4.154624026439288,4.399166405988452,4.366329070066582,0.0,0.19447619999999852
1999-02-01,4.508431286049042,4.4,5.104125637183595,4.76,5.445702353461095,4.177750837523601,4.4057675750556795,4.367001825405771,-0.1098352,0.08464099999999852
1999-03-01,4.510285715556671,4.2,5.1047326174753715,4.81,5.42106583180709,4.185433724842355,4.409495876663427,4.371041518615126,-0.1577544,-0.07311340000000147
1999-04-01,4.5126151074045255,4.3,5.111385197196399,4.74,5.4220382935377955,4.2009243342846565,4.410650534010447,4.376285184044767,0.0,-0.07311340000000147
1999-05-01,4.5199118170361805,4.2,5.111987788356544,4.74,5.431755004777753,4.220036976851845,4.416391828850766,4.377039218162834,-0.1119022,-0.18501560000000145
1999-06-01,4.518176627021538,4.3,5.111987788356544,4.76,5.438383610444878,4.23689970143764,4.415171233266183,4.380675722602925,0.2586787,0.07366309999999854
1999-07-01,4.524548894300434,4.3,5.116195789756748,4.99,5.418719192400332,4.234657077641782,4.411488344823501,4.385221525570401,0.0,0.07366309999999854
1999-08-01,4.528706980911026,4.2,5.118592435601348,5.07,5.445098097756231,4.243999436759102,4.419370587814303,4.388915352877303,0.2406204,0.31428349999999855
1999-09-01,4.525098311222533,4.2,5.122772794033106,5.22,5.4615410476500506,4.250521758705276,4.425169932882814,4.392929482036161,0.0,0.31428349999999855
1999-10-01,4.538369909008035,4.1,5.12455904041457,5.2,5.4481587747871965,4.24270709442447,4.4262468487002895,4.397543128826416,-0.0968276,0.21745589999999854
1999-11-01,4.543284143915544,4.1,5.126342101808226,5.42,5.441421543516488,4.248695222052025,4.431399962103894,4.401817006993008,0.2367022,0.45415809999999857
1999-12-01,4.551022294797418,4.0,5.128714582161857,5.3,5.422921529772568,4.273299346682101,4.458582501145248,4.407341005152263,-0.1819012,0.2722568999999986
2000-01-01,4.551363208629209,4.0,5.13167228913909,5.45,5.429257905808632,4.294656102286582,4.419900287101963,4.411233433221821,0.0,0.2722568999999986
2000-02-01,4.554575594819009,4.1,5.135798437050262,5.73,5.402677381872279,4.321440293374739,4.4274420632042695,4.417767743326649,0.0451387,0.31739559999999856
2000-03-01,4.5587586406605585,4.0,5.14166355650266,5.85,5.419871062100613,4.311590758270227,4.442674785625269,4.4233964790969695,-0.0395461,0.27784949999999853
2000-04-01,4.566297332324681,3.8,5.141078590121546,6.02,5.428380250846205,4.288196608900911,4.4471587296116635,4.4250142824733185,0.0,0.27784949999999853
2000-05-01,4.5684678191371635,4.0,5.1428324637076415,6.27,5.453952658079485,4.2951334325195125,4.45137777530811,4.42926798099632,0.3120931,0.5899425999999985
2000-06-01,4.569418648280942,4.0,5.14865659199363,6.53,5.4376009336504225,4.288567241107601,4.4507478025860925,4.434120858232016,0.0429409,0.6328834999999985
2000-07-01,4.5683609628540935,4.0,5.1515559851526325,6.54,5.391853245939202,4.289335522116718,4.449930580162727,4.43511706324799,0.0,0.6328834999999985
2000-08-01,4.564822037518396,4.1,5.1515559851526325,6.5,5.3811868443703315,4.303592008344199,4.45568361228771,4.438359708014042,-0.067215,0.5656684999999985
2000-09-01,4.568873354124781,3.9,5.15675380222625,6.52,5.396351106819402,4.329100428864477,4.46330703762498,4.442745369708588,0.0,0.5656684999999985
2000-10-01,4.5654892069287065,3.9,5.158480421360237,6.51,5.412315470601449,4.319432887902809,4.463756380037213,4.4439445374888695,-0.0296777,0.5359907999999984
2000-11-01,4.565676475574449,3.9,5.160204064418402,6.51,5.408471375039929,4.311349309576901,4.462084726844461,4.447439773222114,0.02463,0.5606207999999985
2000-12-01,4.562722913084838,3.9,5.162497643405501,6.4,5.416055956772293,4.312328157162683,4.471833060206829,4.451715930267927,0.2034924,0.7641131999999985
2001-01-01,4.555714150175334,4.2,5.168208681201016,5.98,5.419738221752376,4.316180592436368,4.466069025248653,4.45284617012724,0.050705,0.8148181999999985
2001-02-01,4.549214460393314,4.2,5.170483995038151,5.49,5.412226240655819,4.343675543289958,4.459855354823232,4.451552697322492,0.0,0.8148181999999985
2001-03-01,4.546432407961801,4.3,5.17105201550216,5.31,5.422789094058876,4.332021983313347,4.453765731828859,4.454370551797049,-0.4865983,0.3282198999999985
2001-04-01,4.543607499326375,4.4,5.172754143572691,4.8,5.4234510973048025,4.315125324347122,4.464286114261219,4.454347296253507,0.0,0.3282198999999985
2001-05-01,4.5363837217691225,4.3,5.177843213080163,4.21,5.437252880568814,4.327425242982208,4.4699115883176255,4.455985488567171,-0.4085865,-0.08036660000000151
2001-06-01,4.529837618169233,4.5,5.180096735160606,3.97,5.4466511610537305,4.346658490836091,4.459462100289954,4.455857782801083,-0.1366324,-0.2169990000000015
2001-07-01,4.524491442753481,4.6,5.178407069875479,3.77,5.460436216024472,4.336244442018754,4.470724089435168,4.457168893197576,0.0,-0.2169990000000015
2001-08-01,4.522331907679087,4.9,5.178407069875479,3.65,5.463704678301283,4.35985770990282,4.473374429133157,4.459554644682409,-0.1275515,-0.34455050000000154
2001-09-01,4.5189094362981965,5.0,5.182345190295616,3.07,5.423274605952421,4.3273196254496,4.463433795672845,4.454684448713555,0.0,-0.34455050000000154
2001-10-01,4.514196788733435,5.3,5.17953383055807,2.49,5.355264646989787,4.458211912020113,4.475209553462032,4.4599016098968445,-0.1600074,-0.5045579000000016
2001-11-01,4.508814559895184,5.5,5.178970608915471,2.09,5.3525687813799525,4.42254458297677,4.477359541492673,4.459276985807688,-0.1716333,-0.6761912000000015
2001-12-01,4.508926870948471,5.7,5.178407069875479,1.82,5.3658825527104606,4.381601544335785,4.480298333938103,4.464297627106676,-0.2269373,-0.9031285000000016
2002-01-01,4.5152783006785615,5.7,5.180096735160606,1.73,5.359177254804799,4.3987608336650466,4.481068479511024,4.465379243192425,-0.1540111,-1.0571396000000015
2002-02-01,4.5152673600587745,5.7,5.181783550292085,1.74,5.366069468598855,4.416524675081449,4.481623069892344,4.467906121317257,0.0,-1.0571396000000015
2002-03-01,4.523148521470509,5.7,5.184588601219693,1.73,5.392035370421788,4.411391243303785,4.48123828474483,4.468445127609156,-0.3577066,-1.4148462000000015
2002-04-01,4.527570741115656,5.9,5.189060380611087,1.75,5.3781908291312,4.438784968492491,4.4779389059120485,4.4717759268174895,0.0,-1.4148462000000015
2002-05-01,4.531679715448691,5.8,5.190175207928333,1.75,5.377267169526438,4.39872395529605,4.479028564480043,4.473442879307162,0.1783551,-1.2364911000000016
2002-06-01,4.541240546111364,5.8,5.190732155868099,1.75,5.429740287908455,4.41812951165416,4.488456578289728,4.47367101272057,0.0389534,-1.1975377000000016
2002-07-01,4.5390068789338125,5.8,5.19295685089021,1.73,5.455150160574825,4.4489490308720825,4.486285293510377,4.476961744148124,0.0,-1.1975377000000016
2002-08-01,4.539161785106385,5.7,5.195730777772936,1.74,5.450952612971631,4.468960925359105,4.483126838075362,4.475960868298276,0.1703264,-1.0272113000000016
2002-09-01,4.540323350659918,5.7,5.1973914479580765,1.75,5.460010955546024,4.424331529154308,4.4833866590263,4.477768539453384,-0.0446106,-1.0718219000000015
2002-10-01,4.537241391028,5.7,5.199601393608879,1.75,5.466328685224197,4.415098675734075,4.4922478181229755,4.482652208164768,0.0,-1.0718219000000015
2002-11-01,4.54247423294551,5.9,5.201255653704905,1.34,5.472312689595516,4.42503823026713,4.498664570509201,4.4832172182369785,-0.2700224,-1.3418443000000015
2002-12-01,4.537431884342047,6.0,5.202907181743378,1.24,5.497414096703693,4.460306250552565,4.5007425683788655,4.484910335556808,0.0042556,-1.3375887000000015
2003-01-01,4.544217760449887,5.8,5.207297968160868,1.24,5.5151208621160475,4.445740597206423,4.503613537556426,4.488299234256676,-0.0002099,-1.3377986000000015
2003-02-01,4.547175540250748,5.9,5.21275947818639,1.26,5.519859636495273,4.419852144213862,4.5016635064692645,4.486555554651849,0.0,-1.3377986000000015
2003-03-01,4.544934925860555,5.9,5.214392131610276,1.25,5.520380334242002,4.444379174544409,4.506917681789643,4.487107111124389,0.038384,-1.2994146000000015
2003-04-01,4.5373623263828495,6.0,5.21057845224003,1.26,5.516086501524791,4.4705296070151945,4.50778886284638,4.491082812950323,0.0,-1.2994146000000015
2003-05-01,4.537827737517786,6.1,5.20893955539682,1.26,5.521460917862246,4.479482238681702,4.506056783090732,4.493120682179469,-0.008246,-1.3076606000000015
2003-06-01,4.5388765254941665,6.3,5.210032451680465,1.22,5.5284762527561515,4.494651947672569,4.520080597542977,4.494417380252909,-0.2121577,-1.5198183000000016
2003-07-01,4.543296909927315,6.2,5.21330399222108,1.01,5.524336778607711,4.508637258932944,4.522505711151249,4.498675694289062,0.0,-1.5198183000000016
2003-08-01,4.541180847355532,6.1,5.217649463480582,1.03,5.527403227317876,4.544134854842125,4.534103737554231,4.5013196408618645,-0.0590037,-1.5788220000000017
2003-09-01,4.547394876024498,6.1,5.220896219579452,1.01,5.5656309016067205,4.522581740672463,4.532395171205679,4.501031146246946,-0.2055686,-1.7843906000000018
2003-10-01,4.548224102545625,6.0,5.219815138393079,1.01,5.613274081134699,4.525249970812043,4.531577465684718,4.504520777838161,-0.1934256,-1.977816200000002
2003-11-01,4.556163748433256,5.8,5.220355825078324,1.0,5.630028286067539,4.54702187059252,4.540812981744952,4.50700593720086,0.0,-1.977816200000002
2003-12-01,4.555211789701169,5.7,5.22305488204749,0.98,5.6467887531360805,4.541505949219204,4.537330221077445,4.510529781833971,-0.2314798,-2.209296000000002
2004-01-01,4.5570424023962,5.7,5.227358277607543,1.0,5.675211517668165,4.5404503150743105,4.54486801217971,4.51474206949536,-0.1027214,-2.312017400000002
2004-02-01,4.562637353819343,5.6,5.2295030505476765,1.01,5.68836422192782,4.554613462370939,4.5362808805665615,4.517835120253276,0.0,-2.312017400000002
2004-03-01,4.557192441716227,5.8,5.231643233280044,1.0,5.718835277282493,4.568008152299323,4.5511362974956056,4.5167323375261725,0.073171,-2.238846400000002
2004-04-01,4.561035418623513,5.6,5.2332453698043215,1.0,5.721917044851684,4.558036648854033,4.546746265850374,4.521516800990838,0.0,-2.238846400000002
2004-05-01,4.568726094450747,5.6,5.23750522715128,1.0,5.708405107141645,4.5854673537122235,4.5499428475976575,4.523059508204217,-0.1168102,-2.3556566000000023
2004-06-01,4.560638192926151,5.6,5.241217774507464,1.03,5.689345426858432,4.5485045918690235,4.544899876395666,4.525737292340181,0.1512154,-2.2044412000000024
2004-07-01,4.568352662859073,5.5,5.242275975664412,1.26,5.683409684848264,4.57762425655814,4.549160523844891,4.528774984734378,0.0,-2.2044412000000024
2004-08-01,4.568972897676203,5.4,5.2428046566177775,1.43,5.6762742352396,4.573287285120364,4.555044630580541,4.53080218002851,0.2811289,-1.9233123000000023
2004-09-01,4.569588603160403,5.4,5.245970886175828,1.61,5.693395381769714,4.599282889819204,4.560507492081898,4.535284058523925,0.1496408,-1.7736715000000023
2004-10-01,4.578997653856807,5.5,5.251225759014186,1.76,5.671018207062228,4.590036243403374,4.562753170097294,4.538699132044649,0.0,-1.7736715000000023
2004-11-01,4.581107999637332,5.4,5.255931650051599,1.93,5.697730867227766,4.589437066999092,4.561970366681872,4.541324757939338,0.3182214,-1.4554501000000024
2004-12-01,4.588158300945723,5.4,5.255931650051599,2.16,5.690832315480573,4.612870462614279,4.566948973167894,4.544485562371585,0.1613845,-1.2940656000000024
2005-01-01,4.592982213481121,5.3,5.25540986553676,2.28,5.673975975073536,4.599544390836525,4.5772232839371405,4.543475616982251,0.0,-1.2940656000000024
2005-02-01,4.599513215459439,5.4,5.259576538231606,2.5,5.670156747006541,4.606579192871512,4.580857001405808,4.546152397523218,0.1223306,-1.1717350000000024
2005-03-01,4.598394281308485,5.2,5.263208189434469,2.63,5.697563174842284,4.6178988319648155,4.571913254086639,4.55072455979837,0.0554436,-1.1162914000000024
2005-04-01,4.599750526127365,5.2,5.2663105704129505,2.79,5.701279344438083,4.648612743830928,4.582955251416934,4.552939610384439,0.0,-1.1162914000000024
2005-05-01,4.601578744475769,5.1,5.265794174842477,3.0,5.69618703553437,4.6048001175212026,4.57763453579357,4.555874894263214,0.3034157,-0.8128757000000024
2005-06-01,4.605432151672085,5.0,5.2663105704129505,3.04,5.697865000892164,4.653884156778691,4.5824234289921755,4.56025649856458,0.2362667,-0.5766090000000024
2005-07-01,4.602613921526293,5.0,5.272486606513515,3.26,5.679592235854983,4.690117768150791,4.580785276052402,4.563055689880744,0.0,-0.5766090000000024
2005-08-01,4.604541988713494,4.9,5.2786247332023,3.5,5.671982162106404,4.638150313282683,4.58791211855181,4.565618217975977,0.0619472,-0.5146618000000024
2005-09-01,4.585455114858759,5.0,5.292299294222474,3.62,5.6836137803656746,4.6119868993150135,4.580959457273033,4.567125580948445,0.2489699,-0.2656919000000024
2005-10-01,4.598335885266511,5.0,5.293807211070151,3.78,5.698166735870565,4.602887582830539,4.597833337014073,4.566886633562483,0.0,-0.2656919000000024
2005-11-01,4.608146751617977,5.0,5.288771953704505,4.0,5.695414224985685,4.62115179700039,4.600137543460017,4.570951342601408,0.2227549,-0.04293700000000242
2005-12-01,4.614078389857099,4.9,5.288771953704505,4.16,5.707309580432358,4.636349034469092,4.602426425317028,4.573617597474985,0.0487368,0.005799799999997579
2006-01-01,4.61537395007088,4.7,5.294811227218749,4.29,5.731105770305091,4.6666038921721835,4.60611973502368,4.572161339181099,0.1203751,0.1261748999999976
2006-02-01,4.615101704783125,4.8,5.295312857527738,4.49,5.7416561270842825,4.653769855824153,4.612016695065149,4.577788711646853,0.0,0.1261748999999976
2006-03-01,4.617748743194926,4.7,5.296816240421769,4.59,5.739374818359324,4.660567049208379,4.6069486036655025,4.581277003768093,0.1017777,0.2279525999999976
2006-04-01,4.621677192608796,4.7,5.301811255802292,4.79,5.766287680007598,4.662022997580874,4.612364246568331,4.581973204383889,0.0,0.2279525999999976
2006-05-01,4.620309013480877,4.6,5.304796332645746,4.94,5.801483732946538,4.651108668929256,4.612106076989204,4.585824254390554,0.1700831,0.39803569999999755
2006-06-01,4.624161700107174,4.6,5.307277107919509,4.99,5.805887697593355,4.6644762918854985,4.610535765486501,4.585130730650365,0.4413114,0.8393470999999976
2006-07-01,4.623973294323736,4.7,5.312713246831769,5.24,5.822690802859296,4.6779093646283965,4.615803451904845,4.587932466501756,0.0,0.8393470999999976
2006-08-01,4.627440354633819,4.7,5.3171391207886245,5.25,5.832205005910728,4.661238561507628,4.614278578352082,4.588125751378833,0.0611265,0.9004735999999975
2006-09-01,4.626043808191877,4.5,5.312220271717028,5.25,5.8345767915708375,4.679581683501902,4.61991100430959,4.590624914546056,0.0610205,0.9614940999999976
2006-10-01,4.625798942533748,4.4,5.307772525318792,5.25,5.849843377440403,4.680129224453546,4.6285253191856714,4.594806669785612,-0.0653439,0.8961501999999976
2006-11-01,4.624661980667092,4.5,5.308267697401205,5.25,5.871892411967137,4.682353424658741,4.6303114783944235,4.596270702801059,0.0,0.8961501999999976
2006-12-01,4.634487211431165,4.4,5.313698468586339,5.24,5.884296843914452,4.6958149542101415,4.640788263589838,4.5976922961321325,0.0509711,0.9471212999999976
2007-01-01,4.629817919522632,4.6,5.315356374642572,5.25,5.882876606691083,4.698068368354822,4.636232711439909,4.599926461665038,-0.0670772,0.8800440999999977
2007-02-01,4.640634815420998,4.5,5.319227223776111,5.26,5.903916662587558,4.695824087589447,4.633154934522855,4.602376286683697,0.0,0.8800440999999977
2007-03-01,4.642056445654699,4.4,5.324413871269311,5.26,5.94374381089657,4.697904323369674,4.636387805805448,4.602045308640567,0.1564532,1.0364972999999977
2007-04-01,4.6493076382990655,4.5,5.327410040751309,5.25,5.963322241161702,4.703593696164184,4.633728487896052,4.605080181937848,0.0,1.0364972999999977
2007-05-01,4.649799324131296,4.4,5.331534517408233,5.25,5.9834071734802485,4.721423162812341,4.633398005777959,4.6036189834953545,-0.0125519,1.0239453999999977
2007-06-01,4.649689337592581,4.6,5.333848589587692,5.25,6.004084578464084,4.709728379871865,4.63270752898118,4.605170185988092,-0.0720803,0.9518650999999977
2007-07-01,4.649609948486924,4.7,5.335627602054373,5.26,6.017887369339086,4.710124619205603,4.638363153343855,4.606589178741506,0.0,0.9518650999999977
2007-08-01,4.651302535581123,4.6,5.335935835254491,5.02,6.006279265245996,4.722899886888869,4.632279388466709,4.611400735738727,0.0245104,0.9763754999999977
2007-09-01,4.654851381642469,4.7,5.34016443549993,4.94,6.0184958861590125,4.734811522144489,4.633271616098966,4.608723864187389,-0.5951588,0.38121669999999774
2007-10-01,4.649541075723588,4.7,5.343242929901029,4.76,6.026131639016284,4.732630687990781,4.630330981646591,4.608295297735589,-0.3220003,0.059216399999997726
2007-11-01,4.655464931992105,4.7,5.351071093983903,4.49,6.022938989067726,4.728298907969227,4.634845486297841,4.611480235684113,0.0,0.059216399999997726
2007-12-01,4.655218605840771,5.0,5.353964917386851,4.24,6.025576076736749,4.718873801000168,4.636368420325172,4.611510046534271,-0.0592162,1.9999999772979393e-07
